{
  "model_info": {
    "model_path": "/workspace/output/EfficientNetB3_ISIC2019_final.onnx",
    "provider": "CUDAExecutionProvider"
  },
  "test_data": {
    "num_images": 1000,
    "num_classes": 8,
    "class_names": [
      "AK",
      "BCC",
      "BKL",
      "DF",
      "MEL",
      "NV",
      "SCC",
      "VASC"
    ]
  },
  "performance": {
    "avg_latency_ms": 3.250299467239529,
    "std_latency_ms": 0.6429382210784871,
    "p95_latency_ms": 3.874734533019364,
    "throughput_ips": 307.66395837651766,
    "total_inference_time_sec": 1.8286612033843994
  },
  "accuracy_metrics": {
    "accuracy": 0.422,
    "macro_precision": 0.27865128248220544,
    "macro_recall": 0.294448534200491,
    "macro_f1": 0.2711453781179458,
    "weighted_precision": 0.47606346153484985,
    "weighted_recall": 0.422,
    "weighted_f1": 0.43682998950496904
  },
  "per_class_metrics": {
    "AK": {
      "precision": 0.14814814814814814,
      "recall": 0.06666666666666667,
      "f1": 0.09195402298850575,
      "support": 60
    },
    "BCC": {
      "precision": 0.3029197080291971,
      "recall": 0.5286624203821656,
      "f1": 0.3851508120649652,
      "support": 157
    },
    "BKL": {
      "precision": 0.2159090909090909,
      "recall": 0.17757009345794392,
      "f1": 0.19487179487179487,
      "support": 107
    },
    "DF": {
      "precision": 0.2608695652173913,
      "recall": 0.4,
      "f1": 0.3157894736842105,
      "support": 15
    },
    "MEL": {
      "precision": 0.5,
      "recall": 0.37383177570093457,
      "f1": 0.42780748663101603,
      "support": 214
    },
    "NV": {
      "precision": 0.703125,
      "recall": 0.5583126550868487,
      "f1": 0.6224066390041494,
      "support": 403
    },
    "SCC": {
      "precision": 0.05714285714285714,
      "recall": 0.07407407407407407,
      "f1": 0.06451612903225806,
      "support": 27
    },
    "VASC": {
      "precision": 0.0410958904109589,
      "recall": 0.17647058823529413,
      "f1": 0.06666666666666667,
      "support": 17
    }
  },
  "confusion_matrix": [
    [
      4,
      35,
      11,
      1,
      3,
      1,
      4,
      1
    ],
    [
      9,
      83,
      14,
      5,
      11,
      18,
      9,
      8
    ],
    [
      5,
      32,
      19,
      0,
      14,
      32,
      0,
      5
    ],
    [
      0,
      4,
      1,
      6,
      0,
      1,
      2,
      1
    ],
    [
      6,
      55,
      16,
      3,
      80,
      35,
      9,
      10
    ],
    [
      1,
      54,
      21,
      7,
      42,
      225,
      8,
      45
    ],
    [
      2,
      9,
      5,
      1,
      5,
      3,
      2,
      0
    ],
    [
      0,
      2,
      1,
      0,
      5,
      5,
      1,
      3
    ]
  ]
}