{
  "model_name": "EfficientNetB0",
  "best_val_accuracy": 0.7045000195503235,
  "phase1_best": 0.7016249895095825,
  "phase2_best": 0.7045000195503235,
  "history_phase1": {
    "loss": [
      1.5232821702957153,
      1.2402750253677368,
      1.1458430290222168,
      1.0787590742111206,
      1.023787021636963,
      0.9856722950935364,
      0.9470341801643372,
      0.9182482361793518,
      0.8891674876213074,
      0.8623524308204651,
      0.8421016335487366,
      0.8169592022895813,
      0.8046212196350098,
      0.7844542264938354,
      0.7705774307250977,
      0.7563934326171875,
      0.7431340217590332,
      0.7253672480583191,
      0.7176096439361572,
      0.709600031375885,
      0.6965376734733582,
      0.6866455674171448,
      0.674026370048523,
      0.6655388474464417,
      0.6547563076019287,
      0.6466006636619568,
      0.638638973236084,
      0.6314241886138916,
      0.6200087666511536,
      0.6130079627037048,
      0.6100520491600037,
      0.603824257850647,
      0.5972248911857605,
      0.5884169936180115,
      0.5851415991783142,
      0.5755524635314941,
      0.5262337923049927,
      0.5009872317314148,
      0.49891647696495056,
      0.49042901396751404,
      0.48480644822120667,
      0.4766496419906616,
      0.471150279045105,
      0.46752506494522095,
      0.4624459445476532,
      0.4580563008785248,
      0.45212504267692566,
      0.45241931080818176,
      0.4263406991958618,
      0.4185577630996704
    ],
    "accuracy": [
      0.4566093683242798,
      0.5400937795639038,
      0.577218770980835,
      0.6011562347412109,
      0.6221562623977661,
      0.6377031207084656,
      0.650015652179718,
      0.6609687209129333,
      0.6708906292915344,
      0.6806874871253967,
      0.6876875162124634,
      0.698312520980835,
      0.7034531235694885,
      0.709640622138977,
      0.715218722820282,
      0.7211406230926514,
      0.7243124842643738,
      0.7301874756813049,
      0.736453115940094,
      0.7398437261581421,
      0.743484377861023,
      0.7489687204360962,
      0.7525468468666077,
      0.757031261920929,
      0.7587500214576721,
      0.7619374990463257,
      0.7656718492507935,
      0.7685156464576721,
      0.7731249928474426,
      0.7747656106948853,
      0.7772499918937683,
      0.7799218893051147,
      0.7820156216621399,
      0.7842187285423279,
      0.7845781445503235,
      0.789718747138977,
      0.8081094026565552,
      0.817187488079071,
      0.8188593983650208,
      0.8187812566757202,
      0.822515606880188,
      0.8260156512260437,
      0.8280312418937683,
      0.8294687271118164,
      0.8327031135559082,
      0.8319531083106995,
      0.8327968716621399,
      0.8349687457084656,
      0.8454843759536743,
      0.849359393119812
    ],
    "val_loss": [
      1.2770551443099976,
      1.1855038404464722,
      1.141677737236023,
      1.0912086963653564,
      1.0638256072998047,
      1.039292335510254,
      1.0411626100540161,
      1.0217483043670654,
      1.0073542594909668,
      1.014838457107544,
      0.9918635487556458,
      0.9804022908210754,
      0.9881177544593811,
      0.9862038493156433,
      0.9797735810279846,
      0.9682654738426208,
      0.9542126655578613,
      0.9683166146278381,
      0.9573956727981567,
      0.9595814943313599,
      0.9455571174621582,
      0.951895534992218,
      0.9575027227401733,
      0.9662485122680664,
      0.9648518562316895,
      0.9626508951187134,
      0.9605056047439575,
      0.9431494474411011,
      0.9322381019592285,
      0.9493682384490967,
      0.9511204957962036,
      0.9636220932006836,
      0.9528106451034546,
      0.9610026478767395,
      0.9491472840309143,
      0.978544294834137,
      0.9299506545066833,
      0.9301669597625732,
      0.934218168258667,
      0.9328303933143616,
      0.9229033589363098,
      0.939365804195404,
      0.9414140582084656,
      0.9516932368278503,
      0.9517399072647095,
      0.9545290470123291,
      0.9464733004570007,
      0.953702986240387,
      0.9293390512466431,
      0.9395935535430908
    ],
    "val_accuracy": [
      0.5261250138282776,
      0.5637500286102295,
      0.578249990940094,
      0.5945000052452087,
      0.6085000038146973,
      0.6177499890327454,
      0.6143749952316284,
      0.6262500286102295,
      0.6302499771118164,
      0.6351249814033508,
      0.640250027179718,
      0.6458749771118164,
      0.6442499756813049,
      0.6473749876022339,
      0.6527500152587891,
      0.6535000205039978,
      0.6596249938011169,
      0.656374990940094,
      0.6588749885559082,
      0.6612499952316284,
      0.6698750257492065,
      0.6679999828338623,
      0.6654999852180481,
      0.6610000133514404,
      0.6616250276565552,
      0.6666250228881836,
      0.6654999852180481,
      0.674875020980835,
      0.675125002861023,
      0.6710000038146973,
      0.6733750104904175,
      0.6825000047683716,
      0.6779999732971191,
      0.6783750057220459,
      0.6783750057220459,
      0.6757500171661377,
      0.6902499794960022,
      0.6922500133514404,
      0.6915000081062317,
      0.6921250224113464,
      0.6955000162124634,
      0.6948750019073486,
      0.6924999952316284,
      0.6880000233650208,
      0.6926249861717224,
      0.6928750276565552,
      0.6955000162124634,
      0.6917499899864197,
      0.7016249895095825,
      0.6993749737739563
    ],
    "lr": [
      0.0010000000474974513,
      0.0010000000474974513,
      0.0010000000474974513,
      0.0010000000474974513,
      0.0010000000474974513,
      0.0010000000474974513,
      0.0010000000474974513,
      0.0010000000474974513,
      0.0010000000474974513,
      0.0010000000474974513,
      0.0010000000474974513,
      0.0010000000474974513,
      0.0010000000474974513,
      0.0010000000474974513,
      0.0010000000474974513,
      0.0010000000474974513,
      0.0010000000474974513,
      0.0010000000474974513,
      0.0010000000474974513,
      0.0010000000474974513,
      0.0010000000474974513,
      0.0010000000474974513,
      0.0010000000474974513,
      0.0010000000474974513,
      0.0010000000474974513,
      0.0010000000474974513,
      0.0010000000474974513,
      0.0010000000474974513,
      0.0010000000474974513,
      0.0010000000474974513,
      0.0010000000474974513,
      0.0010000000474974513,
      0.0010000000474974513,
      0.0010000000474974513,
      0.0010000000474974513,
      0.0010000000474974513,
      0.0005000000237487257,
      0.0005000000237487257,
      0.0005000000237487257,
      0.0005000000237487257,
      0.0005000000237487257,
      0.0005000000237487257,
      0.0005000000237487257,
      0.0005000000237487257,
      0.0005000000237487257,
      0.0005000000237487257,
      0.0005000000237487257,
      0.0005000000237487257,
      0.0002500000118743628,
      0.0002500000118743628
    ]
  },
  "history_phase2": {
    "loss": [
      0.4072408080101013,
      0.39970463514328003,
      0.39232438802719116,
      0.39086273312568665,
      0.38769781589508057,
      0.3824249804019928,
      0.38391581177711487,
      0.3796291649341583,
      0.38339871168136597,
      0.37745311856269836,
      0.3813546895980835,
      0.37638059258461,
      0.3715483844280243,
      0.37224704027175903,
      0.37026873230934143,
      0.36666107177734375,
      0.366371214389801,
      0.3685935139656067,
      0.3668946325778961,
      0.36330002546310425,
      0.36585134267807007,
      0.35992059111595154,
      0.3599514365196228,
      0.3558617830276489,
      0.35515257716178894
    ],